Company,Title,Location,URL,Source,Description
AbsenceSoft,Remote Friendly,,https://absencesoft.com/careers/,careers,"Remote Friendly

Work from home across the United States
Flexible work schedule"
AbsenceSoft,"Customer
Vice President, Customer Growth 



Remote (United States)",Customer,https://ats.rippling.com/absencesoft/jobs/f7b87a77-362d-450c-8070-000a374b5cc8,careers,"Customer
Vice President, Customer Growth 



Remote (United States)





 





Finance
Vice President, Human Resources



Hybrid (Denver, CO)





 





Operations
Security Analyst 



Hybrid (Denve"
Brightwave,Project Manager jobs,,https://www.linkedin.com/company/brightwaveio,careers,"Project Manager jobs
      
 





              
        253,048 open jobs"
Brightwave,Head of Product jobs,,https://www.linkedin.com/jobs/head-of-product-jobs?trk=organization_guest_linkster_link,careers,Head of Product jobs
Brightwave,Project Management Specialist jobs,,https://www.linkedin.com/jobs/project-management-specialist-jobs?trk=organization_guest_linkster_link,careers,Project Management Specialist jobs
Brightwave,Portfolio Manager jobs,,https://www.linkedin.com/jobs/portfolio-manager-jobs?trk=organization_guest_linkster_link,careers,Portfolio Manager jobs
Feedzai,Advanced Software Engineer - Customer Success  | Engineering | Brazil Remote,,https://careers.feedzai.com/,careers,"Advanced Software Engineer - Customer Success  | Engineering | Brazil Remote 
Software Engineer - Digital Trust   | Engineering | Lisbon, Portugal 
Analyst Relations Manager  | Marketing | Portugal 
P"
Feedzai,Is Feedzai a remote-friendly company?,,https://careers.feedzai.com/,careers,"Is Feedzai a remote-friendly company?
Yes!  At Feedzai, we offer a Flex/Remote work policy. If you are near an office location, we have three options for you to choose the work style that best suits y"
Filevine,"Senior Technical Product Manager, Doc Platform & AI Infrastructure ›",,https://www.filevine.com:443/jobs/,careers,"Senior Technical Product Manager, Doc Platform & AI Infrastructure ›"
Filevine,Arkansas Remote Online Notary (RON) - Digital Reporter ›,,https://www.filevine.com:443/jobs/,careers,Arkansas Remote Online Notary (RON) - Digital Reporter ›
Filevine,New Mexico Remote Online Notary (RON) - Digital Reporter ›,,https://www.filevine.com:443/jobs/,careers,New Mexico Remote Online Notary (RON) - Digital Reporter ›
Filevine,North Carolina Remote Online Notary (RON) - Digital Reporter ›,,https://www.filevine.com:443/jobs/,careers,North Carolina Remote Online Notary (RON) - Digital Reporter ›
Filevine,Utah Remote Online Notary (RON) - Digital Reporter ›,,https://www.filevine.com:443/jobs/,careers,Utah Remote Online Notary (RON) - Digital Reporter ›
Filevine,Associate Product Manager - LO\S ›,,https://www.filevine.com:443/jobs/,careers,Associate Product Manager - LO\S ›
Filevine,"Senior Product Manager, Depositions ›",,https://www.filevine.com:443/jobs/,careers,"Senior Product Manager, Depositions ›"
Filevine,Technical Program Manager - LO\S ›,,https://www.filevine.com:443/jobs/,careers,Technical Program Manager - LO\S ›
Flytedesk,Remote|Full-time,,https://www.flytedesk.com/about-us#careers,careers,Remote|Full-time
Granicus,Remote first,,https://www.linkedin.com/learning/,careers,"Remote first                                                            

Work is not where you are but the impact you make. That is why most of our roles are fully remote, while also accommodating hy"
Huntington Bank,Remote Jobs,,https://huntington-careers.com/search/searchjobs?radius=25,careers,Remote Jobs
Huntington Bank,Search Portfolio Manager Jobs,,https://huntington-careers.com/search/searchjobs?keyword=portfolio%20manager,careers,Responsible for supporting a specialty area in Commercial Banking by deepening and retaining assigned profitable customer relationships and pro-actively evaluating and mitigating associated business r
Huntington Bank,"Tarah, Portfolio Manager, Commercial Real Estate, Banking",,https://huntington-careers.com/career-areas/banking,careers,"Tarah, Portfolio Manager, Commercial Real Estate, Banking
                            

“One thing that I really appreciate is the culture of ‘hiring from within,’ so there is room to move around if t"
Huntington Bank,Thoughtful work/life balance with remote opportunities,,https://huntington-careers.com/career-areas/banking,careers,Thoughtful work/life balance with remote opportunities
Intervoke,VFX Project Manager,,https://www.intervoke.com/project-manager,careers,"VFX Project ManagerAre you passionate about keeping teams organized, ensuring projects are on track, and delivering exceptional client results? Do you have a resourceful background in animation and vi"
L3Harris,"Sr Specialist, Product Analyst","Rochester, New York",https://careers.l3harris.com/en/job/rochester/sr-specialist-product-analyst/4832/100038776560,careers,"Sr Specialist, Product Analyst
Strategy
Rochester, New York"
L3Harris,"Associate, Product Management","Rochester, New York",https://careers.l3harris.com/en/job/rochester/associate-product-management/4832/100033499952,careers,"Associate, Product Management
Strategy, New Grads
Rochester, New York"
L3Harris,Remote,Use My Location,https://careers.l3harris.com/search-jobs/remote,careers,"Use My Location
Remote
Select a Country

Select a Country
Australia
Canada
India
Japan
Republic of Korea
Saudi Arabia
Singapore
Taiwan
United Arab Emirates
United Kingdom
United States



L3Harris has"
Magnet Forensics,"Senior Product Manager, Graykey",,https://jobs.lever.co/magnetforensics/a072c259-001a-4353-90f1-d8725d505318,careers,"Senior Product Manager, Graykey


Waterloo / Ottawa / Toronto/ Ontario"
Magnet Forensics,"Director, Product Management – Examination & Analysis",,https://jobs.lever.co/magnetforensics/96caa00a-4bf9-45d4-9774-a6018adcd387,careers,"Director, Product Management – Examination & Analysis


Waterloo / Ottawa / Toronto/ Ontario"
Magnet Forensics,"Product Management Lead, AI",,https://jobs.lever.co/magnetforensics/465fb92b-a66f-4de8-9cd9-9f0f91da698e,careers,"Product Management Lead, AI


Waterloo / Ottawa / Toronto/ Ontario"
Magnet Forensics,"Product Management Lead, Private Sector",,https://jobs.lever.co/magnetforensics/ecb9ff55-5004-4df9-bb7e-8bdc160fbf7b,careers,"Product Management Lead, Private Sector


Waterloo / Ottawa / Toronto/ Ontario"
Magnet Forensics,Senior Product Operations Manager,,https://jobs.lever.co/magnetforensics/c40a3bb5-ba93-4b15-8919-17a5f9a998a3,careers,"Senior Product Operations Manager


Waterloo / Ontario"
Magnet Forensics,Product Management,,https://www.magnetforensics.com/careers-at-magnet/,careers,Product Management
Magnet Forensics,"Hybrid agents for DFIR: Cloud-scale endpoint management, on-prem …",On-Demand Webinars,https://www.magnetforensics.com/content/categories/webinars/,careers,"On-Demand Webinars

Hybrid agents for DFIR: Cloud-scale endpoint management, on-prem …"
Mitel,Mitel's Zoom Hybrid Workplace,,https://www.mitel.com/products/collaboration-tools,careers,"Unified Communications & Collaboration




Mitel's Zoom Hybrid Workplace


MiCollab


OpenScape UC


Unify Phone


Microsoft Teams Integration"
Mitel,A hybrid workforce and flexibility in how we get work done,,https://mitel.com/careers,careers,A hybrid workforce and flexibility in how we get work done
Mitel,Hybrid Communications,,https://www.mitel.com/solutions/business-need/hybrid-communications,careers,Hybrid Communications
Mitel,Remote Working,,https://www.mitel.com/solutions/business-need/remote-working,careers,Remote Working
Prime Pay,Project Manager,"Collaboration in Action""As a project manager, I get to work with teams across the organization to bring ideas to life and solve meaningful challenges. What makes CoAd special is the way people come together; everyone is willing to collaborate, support one another, and focus on what's best for our customers.""",https://www.coad.com/careers,careers,"Collaboration in Action""As a project manager, I get to work with teams across the organization to bring ideas to life and solve meaningful challenges. What makes CoAd special is the way people come to"
Thomson Reuters,Senior Product Manager,,https://www.thomsonreuters.com/en/careers,careers,"“I get to feel like a superhero every day. I use my legal experience, our deep bench of experts, and our breadth of content to build cool things with stellar people. I stepped into the legal tech spac"
Tyler Tech,Remote Hearings,,https://www.tylertech.com/solutions/courts-public-safety/courts-justice/remote-hearings,careers,Remote Hearings
Replicant,Remote-friendly,,https://www.replicant.com/careers,careers,"Remote-friendlyFrom the Bay to New Brunswick—we have employees across the world, so you can work wherever works for you!"
CertifiD,Hybrid environment with opportunities to collaborate with each team member,,https://www.certifid.com/company/careers,careers,Hybrid environment with opportunities to collaborate with each team member
CertifiD,"Remote, US",,https://www.certifid.com/company/careers,careers,"Remote, US"
Appfolio,Remote Hubs,,https://www.appfolio.com/open-roles,careers,"Remote Hubs Remote HubsWhether it’s through co-working in shared spaces, participating in team-building activities, or giving back with volunteer events, our Remote Hubs bring AppFolians together in m"
Event Temple,"Digital Customer Success Program ManagerFull TimeVancouver, BC (Remote)","Digital Customer Success Program ManagerFull TimeVancouver, BC (Remote)",https://www.eventtemple.com/careers/digital-customer-success-program-manager,careers,"Digital Customer Success Program ManagerFull TimeVancouver, BC (Remote)"
Event Temple,"Senior Backend Software Engineer, IntegrationsFull TimeHalifax, NS (Remote)","Senior Backend Software Engineer, IntegrationsFull TimeHalifax, NS (Remote)",https://www.eventtemple.com/careers/senior-backend-software-engineer-integrations,careers,"Senior Backend Software Engineer, IntegrationsFull TimeHalifax, NS (Remote)"
Event Temple,"Full TimeVancouver, BC (Remote)",,https://www.eventtemple.com/careers,careers,"Full TimeVancouver, BC (Remote)"
Event Temple,"Full TimeHalifax, NS (Remote)",,https://www.eventtemple.com/careers,careers,"Full TimeHalifax, NS (Remote)"
Whova,Hybrid & Virtual Events,,https://whova.com/hybrid-virtual-event-platform/,careers,"Hybrid & Virtual EventsRun engaging hybrid & virtual events with live streams, interactive sessions, and both in-person and online networking."
Whova,Deliver Seamless Virtual and Hybrid Events Without Doubling Your Workload,,https://whova.com/pricing/?source=hybrid-virtual-top-cta,careers,"HYBRID & VIRTUAL EVENT PLATFORM
Deliver Seamless Virtual and Hybrid Events Without Doubling Your Workload


Less manual work to manage hybrid & virtual conferences, trade shows, expos, or career fairs"
Whova,Easily Manage Remote and In-Person Attendees through One Platform,,https://whova.com/hybrid-virtual-event-platform/,careers,Easily Manage Remote and In-Person Attendees through One Platform
Whova,help the in-person and remote audiences connect,,https://whova.com/hybrid-virtual-event-platform/,careers,"“To help the in-person and remote audiences connect, the Community Board was great […] As soon as we unlocked registration, we had people jumping in asking questions. The icebreakers were fantastic. W"
Whova,Provide remote attendees access to real-time interaction,,https://whova.com/hybrid-virtual-event-platform/,careers,Provide remote attendees access to real-time interaction through easy to set up speed networking or round tables.
Whova,What is a hybrid event platform?,,https://whova.com/hybrid-virtual-event-platform/,careers,"What is a hybrid event platform?
A hybrid event platform is an event management software solution that facilitates providing interactive and engaging experiences for both in-person and remote attendee"
Givebutter,"Senior Product Manager, CRM & Engage",,https://givebutter.com/careers,careers,"Senior Product Manager, CRM & EngageremoteFull time"
Givebutter,Work remotely from one of our 10 hubs,"SEATTLE, WA



SALT LAKE CITY, UT



DENVER, CO






MINNEAPOLIS, MN



INDIANAPOLIS, IN






NEW YORK CITY, NY



NASHVILLE, TN











AUSTIN, TX






SAN FRANCISCO, CA

LOS ANGELES, CA

View jobs",https://givebutter.com/careers,careers,"Work remotely from one of our 10 hubsAustin, Denver, Indianapolis, Los Angeles, San Francisco, New York, Salt Lake City, Minneapolis, Seattle, and Nashville














SEATTLE, WA



SALT LAKE CITY"
Givebutter,It feels good coming to work (remotely) every day to help nonprofits do more good in the world!,"It feels good coming to work (remotely) every day to help nonprofits do more good in the world! With so many stagnant tech companies in the nonprofit fundraising space, it is refreshing to be a part of a product-led growth company that is obsessed with innovating rapidly based on user feedback. Our culture is fun, diverse, and accepting, and each team member has a good amount of autonomy for how they reach their goals.– Anonymous employee",https://givebutter.com/careers,careers,"It feels good coming to work (remotely) every day to help nonprofits do more good in the world! With so many stagnant tech companies in the nonprofit fundraising space, it is refreshing to be a part o"
Harris Corporation,"Sr Specialist, Product Analyst","Rochester, New York",https://careers.l3harris.com/en/job/rochester/sr-specialist-product-analyst/4832/100038776560,careers,"Sr Specialist, Product Analyst
Strategy
Rochester, New York"
Harris Corporation,"Associate, Product Management","Rochester, New York",https://careers.l3harris.com/en/job/rochester/associate-product-management/4832/100033499952,careers,"Associate, Product Management
Strategy, New Grads
Rochester, New York"
Harris Corporation,Remote,Use My Location,https://careers.l3harris.com/search-jobs/remote,careers,"Use My Location
Remote
Select a Country

Select a Country
Australia
Canada
India
Japan
Republic of Korea
Saudi Arabia
Singapore
Taiwan
United Arab Emirates
United Kingdom
United States



L3Harris has"
Tyler Technologies,Remote Hearings,,https://www.tylertech.com/solutions/courts-public-safety/courts-justice/remote-hearings,careers,Remote Hearings
Sepura,Hybrid TETRA and 4G/5G,,https://sepura.com/hybrid-tetra-and-lte/,careers,Hybrid TETRA and 4G/5G
